San Jose/Santa Clara City & County CoC,Santa Clara
San Francisco CoC,San Francisco
Oakland," Berkeley/Alameda County CoC,Alameda"
Sacramento City & County CoC,Sacramento
Santa Rosa," Petaluma/Sonoma County CoC,Sonoma"
Richmond/Contra Costa County CoC,Contra Costa
Salinas/Monterey," San Benito Counties CoC,Monterey"
Salinas/Monterey," San Benito Counties CoC,San Benito"
Salinas/Monterey," San Benito Counties CoC,Monterey"
Salinas/Monterey," San Benito Counties CoC,San Benito"
Marin County CoC,Marin
Watsonville/Santa Cruz City & County CoC,Santa Cruz
Mendocino County CoC,Mendocino
Turlock," Modesto/Stanislaus County CoC,Stanislaus"
Stockton/San Joaquin County CoC,San Joaquin
Daly/San Mateo County CoC,San Mateo
Visalia/Kings," Tulare Counties CoC,Kings"
Visalia/Kings," Tulare Counties CoC,Tulare"
Visalia/Kings," Tulare Counties CoC,Kings"
Visalia/Kings," Tulare Counties CoC,Tulare"
Fresno City & County/Madera County CoC,Madera
Roseville," Rocklin/Placer County CoC,Placer"
Redding/Shasta," Siskiyou, Lassen, Plumas, Del Norte, Modoc, Sierra Counties CoC,Shasta"
Redding/Shasta," Siskiyou, Lassen, Plumas, Del Norte, Modoc, Sierra Counties CoC,Siskiyou"
Redding/Shasta," Siskiyou, Lassen, Plumas, Del Norte, Modoc, Sierra Counties CoC,Lassen"
Redding/Shasta," Siskiyou, Lassen, Plumas, Del Norte, Modoc, Sierra Counties CoC,Plumas"
Redding/Shasta," Siskiyou, Lassen, Plumas, Del Norte, Modoc, Sierra Counties CoC,Del Norte"
Redding/Shasta," Siskiyou, Lassen, Plumas, Del Norte, Modoc, Sierra Counties CoC,Modoc"
Redding/Shasta," Siskiyou, Lassen, Plumas, Del Norte, Modoc, Sierra Counties CoC,Sierra"
Redding/Shasta," Siskiyou, Lassen, Plumas, Del Norte, Modoc, Sierra Counties CoC,Shasta"
Redding/Shasta," Siskiyou, Lassen, Plumas, Del Norte, Modoc, Sierra Counties CoC,Siskiyou"
Redding/Shasta," Siskiyou, Lassen, Plumas, Del Norte, Modoc, Sierra Counties CoC,Lassen"
Redding/Shasta," Siskiyou, Lassen, Plumas, Del Norte, Modoc, Sierra Counties CoC,Plumas"
Redding/Shasta," Siskiyou, Lassen, Plumas, Del Norte, Modoc, Sierra Counties CoC,Del Norte"
Redding/Shasta," Siskiyou, Lassen, Plumas, Del Norte, Modoc, Sierra Counties CoC,Modoc"
Redding/Shasta," Siskiyou, Lassen, Plumas, Del Norte, Modoc, Sierra Counties CoC,Sierra"
Redding/Shasta," Siskiyou, Lassen, Plumas, Del Norte, Modoc, Sierra Counties CoC,Shasta"
Redding/Shasta," Siskiyou, Lassen, Plumas, Del Norte, Modoc, Sierra Counties CoC,Siskiyou"
Redding/Shasta," Siskiyou, Lassen, Plumas, Del Norte, Modoc, Sierra Counties CoC,Lassen"
Redding/Shasta," Siskiyou, Lassen, Plumas, Del Norte, Modoc, Sierra Counties CoC,Plumas"
Redding/Shasta," Siskiyou, Lassen, Plumas, Del Norte, Modoc, Sierra Counties CoC,Del Norte"
Redding/Shasta," Siskiyou, Lassen, Plumas, Del Norte, Modoc, Sierra Counties CoC,Modoc"
Redding/Shasta," Siskiyou, Lassen, Plumas, Del Norte, Modoc, Sierra Counties CoC,Sierra"
Redding/Shasta," Siskiyou, Lassen, Plumas, Del Norte, Modoc, Sierra Counties CoC,Shasta"
Redding/Shasta," Siskiyou, Lassen, Plumas, Del Norte, Modoc, Sierra Counties CoC,Siskiyou"
Redding/Shasta," Siskiyou, Lassen, Plumas, Del Norte, Modoc, Sierra Counties CoC,Lassen"
Redding/Shasta," Siskiyou, Lassen, Plumas, Del Norte, Modoc, Sierra Counties CoC,Plumas"
Redding/Shasta," Siskiyou, Lassen, Plumas, Del Norte, Modoc, Sierra Counties CoC,Del Norte"
Redding/Shasta," Siskiyou, Lassen, Plumas, Del Norte, Modoc, Sierra Counties CoC,Modoc"
Redding/Shasta," Siskiyou, Lassen, Plumas, Del Norte, Modoc, Sierra Counties CoC,Sierra"
Redding/Shasta," Siskiyou, Lassen, Plumas, Del Norte, Modoc, Sierra Counties CoC,Shasta"
Redding/Shasta," Siskiyou, Lassen, Plumas, Del Norte, Modoc, Sierra Counties CoC,Siskiyou"
Redding/Shasta," Siskiyou, Lassen, Plumas, Del Norte, Modoc, Sierra Counties CoC,Lassen"
Redding/Shasta," Siskiyou, Lassen, Plumas, Del Norte, Modoc, Sierra Counties CoC,Plumas"
Redding/Shasta," Siskiyou, Lassen, Plumas, Del Norte, Modoc, Sierra Counties CoC,Del Norte"
Redding/Shasta," Siskiyou, Lassen, Plumas, Del Norte, Modoc, Sierra Counties CoC,Modoc"
Redding/Shasta," Siskiyou, Lassen, Plumas, Del Norte, Modoc, Sierra Counties CoC,Sierra"
Redding/Shasta," Siskiyou, Lassen, Plumas, Del Norte, Modoc, Sierra Counties CoC,Shasta"
Redding/Shasta," Siskiyou, Lassen, Plumas, Del Norte, Modoc, Sierra Counties CoC,Siskiyou"
Redding/Shasta," Siskiyou, Lassen, Plumas, Del Norte, Modoc, Sierra Counties CoC,Lassen"
Redding/Shasta," Siskiyou, Lassen, Plumas, Del Norte, Modoc, Sierra Counties CoC,Plumas"
Redding/Shasta," Siskiyou, Lassen, Plumas, Del Norte, Modoc, Sierra Counties CoC,Del Norte"
Redding/Shasta," Siskiyou, Lassen, Plumas, Del Norte, Modoc, Sierra Counties CoC,Modoc"
Redding/Shasta," Siskiyou, Lassen, Plumas, Del Norte, Modoc, Sierra Counties CoC,Sierra"
Redding/Shasta," Siskiyou, Lassen, Plumas, Del Norte, Modoc, Sierra Counties CoC,Shasta"
Redding/Shasta," Siskiyou, Lassen, Plumas, Del Norte, Modoc, Sierra Counties CoC,Siskiyou"
Redding/Shasta," Siskiyou, Lassen, Plumas, Del Norte, Modoc, Sierra Counties CoC,Lassen"
Redding/Shasta," Siskiyou, Lassen, Plumas, Del Norte, Modoc, Sierra Counties CoC,Plumas"
Redding/Shasta," Siskiyou, Lassen, Plumas, Del Norte, Modoc, Sierra Counties CoC,Del Norte"
Redding/Shasta," Siskiyou, Lassen, Plumas, Del Norte, Modoc, Sierra Counties CoC,Modoc"
Redding/Shasta," Siskiyou, Lassen, Plumas, Del Norte, Modoc, Sierra Counties CoC,Sierra"
Napa City & County CoC,Napa
Vallejo/Solano County CoC,Solano
Chico," Paradise/Butte County CoC,Butte"
Merced City & County CoC,Merced
Davis," Woodland/Yolo County CoC,Yolo"
Humboldt County CoC,Humboldt
Colusa," Glenn, Trinity Counties CoC,Colusa"
Colusa," Glenn, Trinity Counties CoC,Glenn"
Colusa," Glenn, Trinity Counties CoC,Trinity"
Colusa," Glenn, Trinity Counties CoC,Colusa"
Colusa," Glenn, Trinity Counties CoC,Glenn"
Colusa," Glenn, Trinity Counties CoC,Trinity"
Colusa," Glenn, Trinity Counties CoC,Colusa"
Colusa," Glenn, Trinity Counties CoC,Glenn"
Colusa," Glenn, Trinity Counties CoC,Trinity"
Yuba City & County/Sutter County CoC,Sutter
El Dorado County CoC,El Dorado
Amador," Calaveras, Mariposa, Tuolumne Counties CoC,Amador"
Amador," Calaveras, Mariposa, Tuolumne Counties CoC,Calaveras"
Amador," Calaveras, Mariposa, Tuolumne Counties CoC,Mariposa"
Amador," Calaveras, Mariposa, Tuolumne Counties CoC,Tuolumne"
Amador," Calaveras, Mariposa, Tuolumne Counties CoC,Amador"
Amador," Calaveras, Mariposa, Tuolumne Counties CoC,Calaveras"
Amador," Calaveras, Mariposa, Tuolumne Counties CoC,Mariposa"
Amador," Calaveras, Mariposa, Tuolumne Counties CoC,Tuolumne"
Amador," Calaveras, Mariposa, Tuolumne Counties CoC,Amador"
Amador," Calaveras, Mariposa, Tuolumne Counties CoC,Calaveras"
Amador," Calaveras, Mariposa, Tuolumne Counties CoC,Mariposa"
Amador," Calaveras, Mariposa, Tuolumne Counties CoC,Tuolumne"
Amador," Calaveras, Mariposa, Tuolumne Counties CoC,Amador"
Amador," Calaveras, Mariposa, Tuolumne Counties CoC,Calaveras"
Amador," Calaveras, Mariposa, Tuolumne Counties CoC,Mariposa"
Amador," Calaveras, Mariposa, Tuolumne Counties CoC,Tuolumne"
Tehama County CoC,Tehama
Lake County CoC,Lake
Alpine," Inyo, Mono Counties CoC,Alpine"
Alpine," Inyo, Mono Counties CoC,Inyo"
Alpine," Inyo, Mono Counties CoC,Mono"
Alpine," Inyo, Mono Counties CoC,Alpine"
Alpine," Inyo, Mono Counties CoC,Inyo"
Alpine," Inyo, Mono Counties CoC,Mono"
Alpine," Inyo, Mono Counties CoC,Alpine"
Alpine," Inyo, Mono Counties CoC,Inyo"
Alpine," Inyo, Mono Counties CoC,Mono"
Los Angeles City & County CoC,Los Angeles
San Diego City and County CoC,San Diego City and
Santa Ana," Anaheim/Orange County CoC,Orange"
Santa Maria/Santa Barbara County CoC,Santa Barbara
Bakersfield/Kern County CoC,Kern
Long Beach CoC,Long Beach
Pasadena CoC,Pasadena
Riverside City & County CoC,Riverside
San Bernardino City & County CoC,San Bernardino
Oxnard," San Buenaventura/Ventura County CoC,Ventura"
Glendale CoC,Glendale
Imperial County CoC,Imperial
San Luis Obispo County CoC,San Luis Obispo
